{"cameraMode":{"drawMode":0,"name":"Shaded","section":"Shading Mode"},"sceneLighting":true,"audioPlay":false,"sceneViewState":{"showFog":true,"showMaterialUpdate":false,"showSkybox":true,"showFlares":true,"showImageEffects":true,"showParticleSystems":true},"in2DMode":false,"pivot":{"x":44.795204162597659,"y":263.7188415527344,"z":464.09185791015627},"rotation":{"x":0.12320788204669953,"y":0.8710303902626038,"z":-0.27835384011268618,"w":0.38554516434669497},"size":7.856784820556641,"orthographic":false}